{"cameraMode":{"drawMode":0,"name":"Shaded","section":"Shading Mode"},"sceneLighting":false,"audioPlay":false,"sceneViewState":{"showFog":true,"showMaterialUpdate":true,"showSkybox":false,"showFlares":true,"showImageEffects":true,"showParticleSystems":true},"in2DMode":false,"pivot":{"x":-0.002499997615814209,"y":0.16285187005996705,"z":0.14019733667373658},"rotation":{"x":-0.03532784432172775,"y":0.9278098940849304,"z":-0.091040700674057,"w":-0.36007627844810488},"size":1.5126205682754517,"orthographic":false}