{"cameraMode":{"drawMode":0,"name":"Shaded","section":"Shading Mode"},"sceneLighting":false,"audioPlay":false,"sceneViewState":{"showFog":true,"showMaterialUpdate":true,"showSkybox":false,"showFlares":true,"showImageEffects":true,"showParticleSystems":true},"in2DMode":false,"pivot":{"x":-0.002499997615814209,"y":0.16285187005996705,"z":0.14019733667373658},"rotation":{"x":-0.0368528738617897,"y":0.7776757478713989,"z":-0.04578758031129837,"w":-0.6259220242500305},"size":1.5126205682754517,"orthographic":false}