{"cameraMode":{"drawMode":0,"name":"Shaded","section":"Shading Mode"},"sceneLighting":false,"audioPlay":false,"sceneViewState":{"showFog":true,"showMaterialUpdate":true,"showSkybox":false,"showFlares":true,"showImageEffects":true,"showParticleSystems":true},"in2DMode":false,"pivot":{"x":-1.1266608238220215,"y":-0.04911917448043823,"z":0.026821166276931764},"rotation":{"x":-0.10037634521722794,"y":0.6528251767158508,"z":-0.08788283169269562,"w":-0.7456832528114319},"size":1.5126205682754517,"orthographic":false}