{"cameraMode":{"drawMode":0,"name":"Shaded","section":"Shading Mode"},"sceneLighting":false,"audioPlay":false,"sceneViewState":{"showFog":true,"showMaterialUpdate":true,"showSkybox":false,"showFlares":true,"showImageEffects":true,"showParticleSystems":true},"in2DMode":false,"pivot":{"x":-1.5321272611618043,"y":0.07884027063846588,"z":0.6104385256767273},"rotation":{"x":-0.11068596690893173,"y":0.6878849267959595,"z":-0.10735075175762177,"w":-0.7092636823654175},"size":1.5272835493087769,"orthographic":false}