{"cameraMode":{"drawMode":0,"name":"Shaded","section":"Shading Mode"},"sceneLighting":false,"audioPlay":false,"sceneViewState":{"showFog":true,"showMaterialUpdate":true,"showSkybox":false,"showFlares":true,"showImageEffects":true,"showParticleSystems":true},"in2DMode":false,"pivot":{"x":4.342777252197266,"y":-0.3441053628921509,"z":2.2490310668945314},"rotation":{"x":-0.010341772809624672,"y":0.9700044393539429,"z":-0.2392372190952301,"w":-0.04192931950092316},"size":1.2247449159622193,"orthographic":false}