{"cameraMode":{"drawMode":0,"name":"Shaded","section":"Shading Mode"},"sceneLighting":false,"audioPlay":false,"sceneViewState":{"showFog":true,"showMaterialUpdate":true,"showSkybox":false,"showFlares":true,"showImageEffects":true,"showParticleSystems":true},"in2DMode":false,"pivot":{"x":0.17706002295017243,"y":-0.08987179398536682,"z":0.048380449414253238},"rotation":{"x":0.02920030802488327,"y":-0.9501863718032837,"z":0.09379971772432327,"w":0.2957983613014221},"size":1.3326455354690552,"orthographic":false}