{"cameraMode":{"drawMode":0,"name":"Shaded","section":"Shading Mode"},"sceneLighting":true,"audioPlay":false,"sceneViewState":{"showFog":true,"showMaterialUpdate":true,"showSkybox":true,"showFlares":true,"showImageEffects":true,"showParticleSystems":true},"in2DMode":false,"pivot":{"x":10.985856056213379,"y":0.28281986713409426,"z":-2.899209976196289},"rotation":{"x":-0.028260663151741029,"y":-0.7905533909797669,"z":0.03643573820590973,"w":-0.6107273101806641},"size":10.0,"orthographic":false}